{
  "ALICE": {
    "amount": 0,
    "buy_price": 38,
    "desired_price_fall": 5,
    "desired_sell_price": 44.4,
    "last_prices": [
      12.71004841,
      12.71728863,
      12.71983559,
      12.73806222,
      12.74204871,
      1.55288546,
      1.55104909,
      1.55049852,
      1.55009231,
      1.54710872,
      1.54641225,
      1.54419318,
      1.54414106,
      1.54427685,
      1.5439245,
      1.5440458,
      1.5442111,
      1.54460791
    ]
  },
  "ARDR": {
    "amount": 0,
    "buy_price": 0.35657,
    "desired_price_fall": 5,
    "desired_sell_price": 0.385,
    "last_prices": [
      0.69192631,
      0.69205345,
      0.68947941,
      0.68280223,
      0.67819879,
      0.08862775,
      0.08810736,
      0.08810736,
      0.08810557,
      0.08811378,
      0.08811378,
      0.08814064,
      0.08809763,
      0.088,
      0.088,
      0.088,
      0.088,
      0.088
    ]
  },
  "BCH": {
    "amount": 0,
    "buy_price": 650,
    "desired_price_fall": 5,
    "desired_sell_price": 750,
    "last_prices": [
      628.07961283,
      628.60812333,
      629.01582194,
      629.29318231,
      629.12820048,
      660.64513681,
      126.50163083,
      126.46362635,
      126.42271925,
      126.32670113,
      126.18282754,
      126.15644647,
      126.14536981,
      126.10341149,
      126.11174337,
      126.09385019,
      126.10012044,
      126.0632437,
      126.12036769
    ]
  },
  "CHZ": {
    "amount": 0,
    "buy_price": 0.43935,
    "desired_price_fall": 5,
    "desired_sell_price": 0.525,
    "last_prices": [
      0.473166,
      0.47306656,
      0.47329848,
      0.47325571,
      0.47322269,
      0.47318959,
      0.47320587,
      0.47330456,
      0.47334745,
      0.47312584,
      0.47295299,
      0.47272819,
      0.47260858,
      0.47237592,
      0.47236715,
      0.47269164,
      0.47303713,
      0.47321989,
      0.47321752,
      0.47305879,
      0.47298299,
      0.47189559,
      0.47143374,
      0.47103156,
      0.47071662,
      0.46992494,
      0.4696435,
      0.4695788,
      0.46941569,
      0.46953848,
      0.46941545,
      0.46925208,
      0.46908322,
      0.46866076,
      0.46842141,
      0.46819481,
      0.46808106,
      0.46834739,
      0.46862408,
      0.46877851,
      0.46883275,
      0.46898339,
      0.46960723,
      0.47049429,
      0.47100322,
      0.47140227,
      0.47116174,
      0.47096054,
      0.11826618,
      0.11828256,
      0.11829774,
      0.11813241,
      0.11785978,
      0.11785701,
      0.11781947,
      0.1178172,
      0.11810782,
      0.11811999,
      0.11814921,
      0.11817477,
      0.11864114
    ]
  },
  "DOT": {
    "amount": 0,
    "buy_price": 40.65,
    "desired_price_fall": 5,
    "desired_sell_price": 44.44,
    "last_prices": [
      40.80070412,
      40.8132425,
      40.8424596,
      40.88214062,
      40.95977301,
      41.01259554,
      41.05039603,
      41.08479031,
      41.10728636,
      41.10719815,
      41.09407156,
      41.07555888,
      41.03898577,
      41.01090213,
      41.00284393,
      40.96449067,
      40.93678703,
      40.93800652,
      40.93664171,
      40.9316184,
      40.93327836,
      42.33760575,
      42.32814433,
      42.32327887,
      42.28516575,
      42.24177476,
      42.22444765,
      42.21106597,
      42.18999788,
      42.16848019,
      42.16191566,
      42.1373609,
      42.11165695,
      42.10106004,
      42.07728763,
      42.07073835,
      42.06635536,
      42.05983837,
      42.06763649,
      42.09329441,
      42.10433151,
      42.10416508,
      42.10535895,
      42.10116383,
      42.12940523,
      42.14840714,
      42.14704743,
      42.14707188,
      6.08241349,
      6.08028208,
      6.07346655,
      6.07193339,
      6.06582793,
      6.06357258,
      6.05712174,
      6.0552419,
      6.04677108,
      6.04080309,
      6.04021417,
      6.03932364,
      6.05392087
    ]
  },
  "EOS": {
    "amount": 0,
    "buy_price": 6.2202,
    "desired_price_fall": 5,
    "desired_sell_price": 6.66,
    "last_prices": [
      6.20973185,
      6.20718744,
      6.20641556,
      6.21103663,
      6.21566096,
      6.21604428,
      6.21560666,
      6.21404783,
      6.21129971,
      6.20917954,
      6.20049126,
      6.19492617,
      6.18992898,
      6.18824076,
      6.1883058,
      6.18548708,
      6.18684329,
      6.18947857,
      6.19180148,
      6.19336537,
      6.19681152,
      6.37600216,
      6.38238043,
      6.39174511,
      6.39508228,
      6.4042308,
      6.41233341,
      6.42429301,
      6.43021998,
      6.43075966,
      6.42990664,
      6.42643805,
      6.42771966,
      6.4235438,
      6.41616051,
      6.40657908,
      6.40269485,
      6.39911374,
      6.39979996,
      6.39971797,
      6.39831004,
      6.39414447,
      6.3933325,
      6.39749828,
      6.39978086,
      6.40653359,
      6.40735853,
      6.40220942,
      1.08157636,
      1.0804374,
      1.07849026,
      1.07673741,
      1.07532231,
      1.07540593,
      1.07499444,
      1.07536481,
      1.0735663,
      1.07218184,
      1.07217072,
      1.07179103,
      1.07430086
    ]
  },
  "LINK": {
    "amount": 0,
    "buy_price": 31.6424,
    "desired_price_fall": 5,
    "desired_sell_price": 34.45,
    "last_prices": [
      31.5805574,
      31.57169725,
      31.56919259,
      31.58333892,
      31.60281081,
      31.60221433,
      31.60556279,
      31.60587026,
      31.60864604,
      31.62651557,
      31.62076356,
      31.62105937,
      31.6205996,
      31.59811239,
      31.62959425,
      31.64048122,
      31.65598457,
      31.67118363,
      31.68532582,
      31.67997785,
      31.68350938,
      32.73603403,
      32.71808411,
      32.70273699,
      32.69037089,
      32.65555152,
      32.63557058,
      32.62077328,
      32.60613716,
      32.60008117,
      32.59975446,
      32.58797578,
      32.55634939,
      32.52355158,
      32.51699348,
      32.5001376,
      32.4933562,
      32.49272596,
      32.50221073,
      32.51416628,
      32.50396069,
      32.49574317,
      32.48808872,
      32.48819037,
      32.50838219,
      32.51811969,
      32.52172111,
      32.53073008,
      6.73371031,
      6.73529839,
      6.73519257,
      6.7343227,
      6.72424537,
      6.71984151,
      6.71705086,
      6.71746249,
      6.70969514,
      6.70504971,
      6.70448752,
      6.70286325,
      6.71327211
    ]
  },
  "LTC": {
    "amount": 0,
    "buy_price": 200,
    "desired_price_fall": 5,
    "desired_sell_price": 250,
    "last_prices": [
      220.76612093,
      220.7241666,
      220.78963412,
      220.86807305,
      220.87564486,
      220.84655221,
      220.84057134,
      220.86163973,
      220.88509074,
      220.81364965,
      220.56980768,
      220.4641237,
      220.24649026,
      220.12137339,
      219.99724436,
      219.9371435,
      220.05278457,
      220.12490445,
      220.15094832,
      220.19264215,
      220.36761952,
      233.54048246,
      233.35964016,
      233.23391109,
      233.13663933,
      233.11602344,
      233.10547839,
      233.01892178,
      232.69250166,
      232.44335262,
      232.33106257,
      232.11660744,
      231.95184585,
      231.65753056,
      231.5158513,
      231.5050244,
      231.47576463,
      231.46171649,
      231.48068523,
      231.49626282,
      231.48989635,
      231.40849146,
      231.3635276,
      231.638959,
      231.76794331,
      232.04061865,
      232.15560443,
      232.23692582,
      81.45170595,
      81.37396052,
      81.30498985,
      81.13102955,
      81.01676088,
      80.99146283,
      80.95019792,
      80.94407305,
      80.83518726,
      80.75692842,
      80.75442954,
      80.73404196,
      81.03565457
    ]
  },
  "MATIC": {
    "amount": 0,
    "buy_price": 0.35,
    "desired_price_fall": 5,
    "desired_sell_price": 0.385,